{
  "eval_runner\\console\\demo_traces.py": {
    "percent": 100.0,
    "missing": []
  },
  "eval_runner\\doctor.py": {
    "percent": 81.81818181818181,
    "missing": [
      31,
      40,
      41,
      42,
      51,
      59,
      60,
      67
    ]
  },
  "eval_runner\\explainer.py": {
    "percent": 90.47619047619048,
    "missing": [
      33,
      41
    ]
  },
  "eval_runner\\mutator.py": {
    "percent": 87.5,
    "missing": [
      29,
      30,
      31,
      35,
      45,
      46,
      48
    ]
  },
  "eval_runner\\plugins.py": {
    "percent": 79.56204379562044,
    "missing": [
      75,
      77,
      85,
      86,
      90,
      97,
      98,
      103,
      104,
      108,
      117,
      118,
      123,
      124,
      129,
      130,
      135,
      136,
      141,
      142,
      147,
      148,
      153,
      154,
      159,
      160,
      165,
      166
    ]
  },
  "eval_runner\\triage.py": {
    "percent": 80.8695652173913,
    "missing": [
      22,
      42,
      43,
      44,
      61,
      103,
      122,
      141,
      151,
      176,
      196,
      206,
      207,
      208,
      222,
      223,
      224,
      225,
      235,
      236,
      237,
      264
    ]
  }
}